<?xml version="1.0" encoding="iso-8859-1" standalone="yes" ?>

<installation version="1.0">

    <info>
        <appname>BeanShell</appname>
        <appversion>2.1b5</appversion>
        <authors>
            <author name="Pat Niemeyer (language author)" email="pat@pat.net" />
            <author name="Bill Chatfield (installer)" email="bill_chatfield@yahoo.com" />
        </authors>
        <url>http://beanshell.org</url>
        <javaversion>1.6</javaversion>
        <requiresjdk>no</requiresjdk>
        <run-privileged condition="izpack.windowsinstall.vista|izpack.macinstall" />
    </info>

    <guiprefs width="640" height="480" resizable="yes" >
        <modifier key="labelFontSize" value="1.1"/>
        <modifier key="allYGap" value="10"/>
    </guiprefs>

    <locale>
        <langpack iso3="eng" />
    </locale>
    
    <resources>
        <res id="InfoPanel.info" src="dist/Readme.txt" />
        <res id="LicencePanel.licence" src="dist/License.txt" />
        <res id="ProcessPanel.Spec.xml" src="processpanel-spec.xml" />
    </resources>
    
    <panels>
        <panel classname="HelloPanel" />
        <panel classname="TargetPanel" />
        <panel classname="PacksPanel" />
        <panel classname="InstallPanel" />
        <panel classname="ProcessPanel" />
        <panel classname="FinishPanel" />
    </panels>

    <jar src="dist/lib/create-bsh-file-association.jar" />
    <jar src="dist/lib/jna-3.5.1.jar" />
    <jar src="dist/lib/platform-3.5.1.jar" />
    <jar src="dist/lib/jRegistryKey.jar" />

    <packs>
        <pack name="Core" required="yes">
            <description>The core files needed for the application</description>
            <fileset dir="dist" targetdir="$INSTALL_PATH" override="true" />
        </pack>
    </packs>

</installation>
